"title","speaker","scripture","date","videoURL","audioURL"
"We Are Family","Evangelist Kenny Evans","Hebrews 10:25","2020-01-26T10:30:00","https://gwc-s3.s3.amazonaws.com/9315/8008/3212/01-26-2020.mp4","https://gwc-s3.s3.amazonaws.com/4615/8008/3204/01-26-2020.mp3"
"The Blood of Jesus Part 2 - The Blood is the Only Way","Pastor Walter Branch","Genesis 4:6-10","2020-01-19T10:30:00","https://gwc-s3.s3.amazonaws.com/8315/7947/8408/01-19-2020.mp4","https://gwc-s3.s3.amazonaws.com/4815/7947/8405/01-19-2020.mp3"
"""C"" Your Way Part 2 - Your Attitude Determines Your Altitude","Pastor Walter Branch","Matthew 5:1-9","2020-01-12T10:30:00","https://gwc-s3.s3.amazonaws.com/3215/7887/3608/01-12-2020.mp4","https://gwc-s3.s3.amazonaws.com/2515/7887/3604/01-12-2020.mp3"
"The Blood of Jesus Part 1 - The Life is in the Blood","Pastor Walter Branch","Leviticus 7:26-27","2020-01-08T19:00:00","https://gwc-s3.s3.amazonaws.com/3915/7857/4808/01-08-2020.mp4","https://gwc-s3.s3.amazonaws.com/2715/7857/4805/01-08-2020.mp3"
"""C"" Your Way","Pastor Walter Branch","Mark 8:22-25","2020-01-05T12:16:00","https://gwc-s3.s3.amazonaws.com/3215/7826/8807/01-05-2020.mp4","https://gwc-s3.s3.amazonaws.com/1115/7826/8803/01-05-2020.mp3"
"2020 Vision","Pastor Walter Branch","Deuteronomy 28:1-7","2019-12-29T10:30:00","https://gwc-s3.s3.amazonaws.com/3215/7766/4008/12-29-2019.mp4","https://gwc-s3.s3.amazonaws.com/8515/7766/4004/12-29-2019.mp3"
"Five Pointed Star","Pastor Walter Branch","Matthew 2:1-12","2019-12-22T10:30:00","https://gwc-s3.s3.amazonaws.com/6215/7705/9208/12-22-2019.mp4","https://gwc-s3.s3.amazonaws.com/5715/7705/9204/12-22-2019.mp3"
"Nothing is Impossible With God","Pastor Walter Branch","Luke 1:26-38","2019-12-15T10:30:00","https://gwc-s3.s3.amazonaws.com/9015/7645/4408/12-15-2019.mp4","https://gwc-s3.s3.amazonaws.com/4915/7645/4404/12-15-2019.mp3"
"Great Things Are Born Outside of the System","Pastor Walter Branch","Matthew 1:18-25","2019-12-08T10:30:00","https://gwc-s3.s3.amazonaws.com/5415/7584/9609/12-08-2019.mp4","https://gwc-s3.s3.amazonaws.com/7415/7584/9605/12-08-2019.mp3"
"What do YOu See in Front of You","Pastor Larry Queen","Mark 8:22-25","2019-12-01T10:30:00","https://gwc-s3.s3.amazonaws.com/1615/7524/4810/12-01-2019.mp4","https://gwc-s3.s3.amazonaws.com/2015/7524/4805/12-01-2019.mp3"
"Eye Has Not Seen Me Yet","Pastor Walter Branch","Ecclesiastes 3:1-8","2019-11-24T10:30:00","https://gwc-s3.s3.amazonaws.com/9615/7464/0009/11-24-2019.mp4","https://gwc-s3.s3.amazonaws.com/7615/7464/0005/11-24-2019.mp3"
"Don't Be Deceived","""Blake"" Blakeney","Genesis 3:1-7","2019-11-17T10:30:00","https://gwc-s3.s3.amazonaws.com/4515/7403/5209/11-17-2019.mp4","https://gwc-s3.s3.amazonaws.com/3215/7403/5204/11-17-2019.mp3"
"Divine Authority","Pastor Walter Branch","1 Cor. 12:27-30","2019-11-10T10:30:00","https://gwc-s3.s3.amazonaws.com/6515/7343/0408/11-10-2019.mp4","https://gwc-s3.s3.amazonaws.com/6415/7343/0404/11-10-2019.mp3"
"The God Who Stays","Aron Brown","Romans 5:6-11","2019-11-03T10:30:00","https://gwc-s3.s3.amazonaws.com/7215/7282/5610/11-03-2019.mp4","https://gwc-s3.s3.amazonaws.com/1015/7282/5606/11-03-2019.mp3"
"God's Got This","Pastor Walter Branch","John 16:33","2019-10-27T10:30:00","https://gwc-s3.s3.amazonaws.com/3515/7221/7209/10-27-2019.mp4","https://gwc-s3.s3.amazonaws.com/4415/7221/7205/10-27-2019.mp3"
"Pull Down Your Strongholds","Pastor Walter Branch","2 Corinthians 10:4-5","2019-10-20T10:30:00","https://gwc-s3.s3.amazonaws.com/2415/7161/2409/10-20-2019.mp4","https://gwc-s3.s3.amazonaws.com/4215/7161/2405/10-20-2019.mp3"
"Are You Prepared?","Pastor Walter Branch","Matthew 13:44-46","2019-10-13T10:30:00","https://gwc-s3.s3.amazonaws.com/1615/7109/1098/10-13-2019.mp4","https://gwc-s3.s3.amazonaws.com/5015/7109/1094/10-13-2019.mp3"
"Three Excuse Makers","Pastor Walter Branch","Luke 9:57-62","2019-10-06T10:30:00","https://gwc-s3.s3.amazonaws.com/7615/7040/2808/10-06-2019.mp4","https://gwc-s3.s3.amazonaws.com/4815/7040/2804/10-06-2019.mp3"
"The Kingdom Will Never End","Pastor Walter Branch","Revelation 20:6","2019-10-02T19:00:00","https://gwc-s3.s3.amazonaws.com/3215/7645/4423/10-02-2019.mp4","https://gwc-s3.s3.amazonaws.com/2015/7645/4420/10-02-2019.mp3"
"Ignorant Kings","Pastor Walter Branch","1 Peter 2:9","2019-09-29T10:30:00","https://gwc-s3.s3.amazonaws.com/7915/6986/3570/09-29-2019.mp4","https://gwc-s3.s3.amazonaws.com/8515/6986/3567/09-29-2019.mp3"
"Keys of the Kingdom","Pastor Walter Branch","Matthew 16:19","2019-09-25T19:00:00","https://gwc-s3.s3.amazonaws.com/5915/7650/1209/09-25-2019.mp4","https://gwc-s3.s3.amazonaws.com/6015/7650/1204/09-25-2019.mp3"
"The Favor of God","Pastor Jeremiah Crouch","Genesis 37:1-7","2019-09-22T10:30:00","https://gwc-s3.s3.amazonaws.com/4715/6971/1606/09-22-2019.mp4","https://gwc-s3.s3.amazonaws.com/5015/6971/1603/09-22-2019.mp3"
"Opportunity","Duane Needham","2 Corinthians 9:6-9","2019-09-15T10:30:00","https://gwc-s3.s3.amazonaws.com/1415/6858/8404/09-15-2019.mp4","https://gwc-s3.s3.amazonaws.com/1915/6858/8403/09-15-2019.mp3"
"The Storm After the Storm","Pastor Walter Branch","Job 23:8-12","2019-09-08T10:30:00","https://gwc-s3.s3.amazonaws.com/9915/6798/3605/09-08-2019.mp4","https://gwc-s3.s3.amazonaws.com/3915/6798/3604/09-08-2019.mp3"
"The Power that Works in Us","Pastor Walter Branch","Ephesians 3:16-21","2019-09-01T12:07:00","https://gwc-s3.s3.amazonaws.com/9515/6737/8804/09-01-2019.mp4","https://gwc-s3.s3.amazonaws.com/4415/6737/8803/09-01-2019.mp3"
"Trained by God","Pastor Walter Branch","Ephesians 2:1-2","2019-08-25T10:30:00","https://gwc-s3.s3.amazonaws.com/8015/6708/0005/08-25-2019.mp4","https://gwc-s3.s3.amazonaws.com/7215/6708/0004/08-25-2019.mp3"
"Sealed and Under Construction","Pastor Walter Branch","Ephesians 1:13-14","2019-08-18T10:30:00","https://gwc-s3.s3.amazonaws.com/6615/6616/9205/08-18-2019.mp4","https://gwc-s3.s3.amazonaws.com/4315/6616/9204/08-18-2019.mp3"
"We Are Redeemed","Pastor Walter Branch","Ephesians 1:7","2019-08-11T10:30:00","https://gwc-s3.s3.amazonaws.com/7615/6556/4409/08-11-2019.mp4","https://gwc-s3.s3.amazonaws.com/7315/6556/4407/08-11-2019.mp3"
"Adopted as Sons of God","Pastor Walter Branch","Ephesians 1:5","2019-08-04T10:30:00","https://gwc-s3.s3.amazonaws.com/7115/6526/5614/08-04-2019.mp4","https://gwc-s3.s3.amazonaws.com/5415/6526/5613/08-04-2019.mp3"
"Chosen By God","Pastor Walter Branch","Ephesians 1:4","2019-07-28T10:30:00","https://gwc-s3.s3.amazonaws.com/9815/6526/5609/07-28-2019.mp4","https://gwc-s3.s3.amazonaws.com/2615/6526/5608/07-28-2019.mp3"
"The Road to 'De-Mask-Us'","Pastor Bill Baldwin","1 Peter 5:5-6","2019-07-21T10:30:00","https://gwc-s3.s3.amazonaws.com/8915/6375/0008/07-21-2019.mp4","https://gwc-s3.s3.amazonaws.com/1615/6375/0007/07-21-2019.mp3"
"All Spiritual Blessings","Pastor Walter Branch","Ephesians 1:1-3","2019-07-14T10:30:00","https://gwc-s3.s3.amazonaws.com/6815/6314/5209/07-14-2019.mp4","https://gwc-s3.s3.amazonaws.com/1415/6314/5207/07-14-2019.mp3"
"Genetically Altered","Pastor Walter Branch","Colossians 2:6-10","2019-07-10T18:38:00","https://gwc-s3.s3.amazonaws.com/5315/6280/1358/07-10-2019.mp4","https://gwc-s3.s3.amazonaws.com/3715/6280/1357/07-10-2019.mp3"
"The Salvation Club","Pastor Walter Branch","John 3:1-3","2019-06-30T10:30:00","https://gwc-s3.s3.amazonaws.com/2715/6193/5609/06-30-2019.mp4","https://gwc-s3.s3.amazonaws.com/3615/6193/5608/06-30-2019.mp3"
"Keeping Balance","Pastor Walter Branch","Acts 20:28-31","2019-06-23T10:30:00","https://gwc-s3.s3.amazonaws.com/4415/6133/0809/06-23-2019.mp4","https://gwc-s3.s3.amazonaws.com/3315/6133/0807/06-23-2019.mp3"
"Our Daily Bread","Pastor Walter Branch","Matthew 6:5-11","2019-06-16T10:30:00","https://gwc-s3.s3.amazonaws.com/5815/6072/6010/06-16-2019.mp4","https://gwc-s3.s3.amazonaws.com/9915/6072/6008/06-16-2019.mp3"
"The Power of One","Pastor Walter Branch","Joshua 23:10","2019-06-09T12:17:00","https://gwc-s3.s3.amazonaws.com/4915/6012/1208/06-09-2019.mp4","https://gwc-s3.s3.amazonaws.com/5515/6012/1207/06-09-2019.mp3"
"The Breaking Point","Pastor Walter Branch","Hebrews 12:1-3","2019-06-02T10:30:00","https://gwc-s3.s3.amazonaws.com/5315/5951/6409/06-02-2019.mp4","https://gwc-s3.s3.amazonaws.com/1315/5951/6408/06-02-2019.mp3"
"What is Your Greatest Memory","Pastor Walter Branch","Galatians 2:20","2019-05-26T10:30:00","https://gwc-s3.s3.amazonaws.com/1315/5921/7609/05-26-2019.mp4","https://gwc-s3.s3.amazonaws.com/3415/5921/7608/05-26-2019.mp3"
"Keep the Main Thing the Main Thing","Pastor Walter Branch","Hebrews 9:13-15","2019-05-19T10:30:00","https://gwc-s3.s3.amazonaws.com/4915/5830/6808/05-19-2019.mp4","https://gwc-s3.s3.amazonaws.com/7815/5830/6807/05-19-2019.mp3"
"Nothing Just Happens","Pastor Walter Branch","Matthew 1:1-5","2019-05-12T10:30:00","https://gwc-s3.s3.amazonaws.com/4315/5800/8008/05-12-2019.mp4","https://gwc-s3.s3.amazonaws.com/7215/5800/8007/05-12-2019.mp3"
"The Difference Between the Glory and the Anointing","Evangelist Pat Schatzline","John 20:17","2019-05-05T10:30:00","https://gwc-s3.s3.amazonaws.com/7615/5709/7209/05-05-2019.mp4","https://gwc-s3.s3.amazonaws.com/3415/5709/7207/05-05-2019.mp3"
"The Hidden","Evangelist Pat Schatzline","2 Chronicles 22:12","2019-05-04T18:00:00","https://gwc-s3.s3.amazonaws.com/5115/5709/7216/05-04-2019.mp4","https://gwc-s3.s3.amazonaws.com/2015/5709/7215/05-04-2019.mp3"
"Behind Closed Doors","Pastor Walter Branch","John 20:17-23","2019-04-28T10:30:00","https://gwc-s3.s3.amazonaws.com/7415/5649/2409/04-28-2019.mp4","https://gwc-s3.s3.amazonaws.com/4315/5649/2408/04-28-2019.mp3"
"Today in Paradise","Pastor Walter Branch","Luke 23:39-43","2019-04-21T10:30:00","https://gwc-s3.s3.amazonaws.com/6015/5619/3609/04-21-2019.mp4","https://gwc-s3.s3.amazonaws.com/5615/5619/3608/04-21-2019.mp3"
"The Week that Changed the World","Pastor Walter Branch","Luke 19:30-31","2019-04-14T10:30:00","https://gwc-s3.s3.amazonaws.com/7615/5541/6009/04-14-2019.mp4","https://gwc-s3.s3.amazonaws.com/3815/5541/6007/04-14-2019.mp3"
"I Nailed it to the Cross","Pastor Walter Branch","Colossians 2:8-17","2019-04-07T10:30:00","https://gwc-s3.s3.amazonaws.com/6315/5476/4408/04-7-2019.mp4","https://gwc-s3.s3.amazonaws.com/6615/5476/4407/04-07-2019.mp3"
"A New Message","Pastor Allen Wickey","Matthew 6:31-34","2019-03-31T10:30:00","https://gwc-s3.s3.amazonaws.com/8115/5467/8012/03-31-2019.mp4","https://gwc-s3.s3.amazonaws.com/1715/5467/8012/03-31-2019.mp3"
"No Grave is Gonna Hold me Down","Pastor Walter Branch","John 11:1-11","2019-03-24T10:30:00","https://gwc-s3.s3.amazonaws.com/5415/5467/8008/03-24-2019.mp4","https://gwc-s3.s3.amazonaws.com/8715/5467/8007/03-24-2019.mp3"
"A Trail of Blood","Pastor Walter Branch","Genesis 4:1-8","2019-03-17T10:30:00","https://gwc-s3.s3.amazonaws.com/4615/5286/3616/03-17-2019.mp4","https://gwc-s3.s3.amazonaws.com/5015/5286/3615/03-17-2019.mp3"
"The Rapture of the Church","Pastor Walter Branch","1 Thessalonians 5:1-4","2019-03-10T10:30:00","https://gwc-s3.s3.amazonaws.com/1215/5286/3608/03-10-2019.mp4","https://gwc-s3.s3.amazonaws.com/5415/5286/3606/03-10-2019.mp3"
"God Wants to Fill the Vessel","Pastor Walter Branch","Jeremiah 18:1-9","2019-03-03T10:30:00","https://gwc-s3.s3.amazonaws.com/9715/5286/3611/03-03-2019.mp4","https://gwc-s3.s3.amazonaws.com/4515/5286/3610/03-03-2019.mp3"
"The Power of the Blood","Pastor Walter Branch","Revelation 12:11","2019-02-03T10:30:00","https://gwc-s3.s3.amazonaws.com/7215/4923/8412/02-03-2019.mp4","https://gwc-s3.s3.amazonaws.com/9515/4923/8411/02-03-2019.mp3"
"It's Not What I Did. It's What I Didn't Do","Pastor Kenny Evans","Romans 1:18-22","2019-01-27T10:30:00","https://gwc-s3.s3.amazonaws.com/9615/4876/6815/01-27-2019.mp4","https://gwc-s3.s3.amazonaws.com/7615/4876/6813/01-27-2019.mp3"
"The Cause of Bad Decisions","Pastor Walter Branch","John 5:2-14","2019-01-20T10:30:00","https://gwc-s3.s3.amazonaws.com/9915/4833/4811/01-20-2019.mp4","https://gwc-s3.s3.amazonaws.com/6815/4833/4810/01-20-2019_audio_only.mp3"
"The Sounds of Heaven","Pastor Bill Baldwin","Acts 2:1","2019-01-13T10:30:00","https://gwc-s3.s3.amazonaws.com/3115/4742/4013/01-13-2018.mp4","https://gwc-s3.s3.amazonaws.com/1015/4742/4011/01-13-2019.mp3"
"Consider Your Ways","Pastor Branch","Haggai 1:1-8","2019-01-06T10:30:00","https://gwc-s3.s3.amazonaws.com/9715/4714/5369/01-06-2019.mp4","https://gwc-s3.s3.amazonaws.com/9715/4714/5368/01-06-2019.mp3"
"Break Through, Break Off and Break Out","Pastor Branch","Romans 12:1-2","2018-12-30T10:30:00","https://gwc-s3.s3.amazonaws.com/3615/4678/8233/12-30-2018.mp4","https://gwc-s3.s3.amazonaws.com/1215/4678/8232/12-30-2018.mp3"
"Christmas 2018","Pastor Branch","Matthew 2:1-11","2018-12-23T10:30:00","https://gwc-s3.s3.amazonaws.com/8215/4560/9614/12-23-2018.mp4","https://gwc-s3.s3.amazonaws.com/8615/4560/9612/12-23-2018.mp3"
"The Ecclesia of Christ","Pastor Allen","Matthew 28:18-20","2018-12-16T10:30:00","https://gwc-s3.s3.amazonaws.com/6015/4500/4814/12-16-2018.mp4","https://gwc-s3.s3.amazonaws.com/6915/4500/4813/12-16-2018.mp3"
"Overcoming Fear","Duane Needham","John 8:44","2018-12-09T10:30:00","https://gwc-s3.s3.amazonaws.com/6715/4461/9611/12-09-2018.mp4","https://gwc-s3.s3.amazonaws.com/9415/4461/9609/12-09-2018.mp3"
"The Parable of the Vineyard","Pastor Larry Queen","Matthew 20:1-16","2018-12-02T10:30:00","https://gwc-s3.s3.amazonaws.com/1515/4379/5209/12-02-2018.mp4","https://gwc-s3.s3.amazonaws.com/8915/4379/5208/12-02-2018.mp3"
"Don't Say Another Word","Pastor Walter Branch","Luke 1:11-20","2018-11-25T10:30:00","https://gwc-s3.s3.amazonaws.com/4715/4336/3208/11-25-2018.mp4","https://gwc-s3.s3.amazonaws.com/6115/4336/3206/11-25-2018.mp3"
"Where is Your Faith?","Pastor Walter Branch","Luke 18:8","2018-11-18T10:30:00","https://gwc-s3.s3.amazonaws.com/7615/4258/5608/11-18-2018.mp4","https://gwc-s3.s3.amazonaws.com/3015/4258/5607/11-18-2018.mp3"
"Change Your Mindset","Pastor Jeremiah Crouch","Philippians 4:8","2018-11-11T10:30:00","https://gwc-s3.s3.amazonaws.com/4515/4215/3614/11-11-2018.mp4","https://gwc-s3.s3.amazonaws.com/2515/4215/3613/11-11-2018.mp3"
"We are Chosen by God","Pastor Walter Branch","John 15:1-2; John 15:15-17","2018-11-04T10:30:00","https://gwc-s3.s3.amazonaws.com/4515/4198/0838/11-04-2018.mp4","https://gwc-s3.s3.amazonaws.com/1615/4198/0838/11-04-2018.mp3"
"Jesus Despises Shame","Pastor Walter Branch","Hebrews 12:1-3","2018-10-28T10:30:00","https://gwc-s3.s3.amazonaws.com/8515/4198/0835/10-28-2018.mp4","https://gwc-s3.s3.amazonaws.com/2615/4198/0834/10-28-2018.mp3"
"Spiritual Fathers","Pastor Bill Baldwin","Luke 1:13; Luke 1:16-17","2018-10-21T10:30:00","https://gwc-s3.s3.amazonaws.com/6515/4198/0831/10-21-2018.mp4","https://gwc-s3.s3.amazonaws.com/1915/4198/0830/10-21-2018.mp3"
"Earnestly Contend for the Faith","Pastor Walter Branch","Jude 1:3-4; Jude 1:20","2018-10-14T10:30:00","https://gwc-s3.s3.amazonaws.com/9015/4198/0827/10-14-2018.mp4","https://gwc-s3.s3.amazonaws.com/1115/4198/0826/10-14-2018.mp3"
"God's Gonna Work it Out","Pastor Walter Branch","Genesis 42:36-37","2018-10-07T10:30:00","https://gwc-s3.s3.amazonaws.com/9615/4198/0822/10-07-2018.mp4","https://gwc-s3.s3.amazonaws.com/5115/4198/0821/10-07-2018.mp3"
"God Moves","Pastor Walter Branch","Genesis 1:1-3; Genesis 1:26-28; Genesis 2:7","2018-09-30T10:30:00","https://gwc-s3.s3.amazonaws.com/9815/4198/0818/09-30-2018.mp4","https://gwc-s3.s3.amazonaws.com/6615/4198/0817/09-30-2018.mp3"
"Encourage Yourself","Pastor Walter Branch","1 Samuel 30:1-8","2018-09-23T10:30:00","https://gwc-s3.s3.amazonaws.com/4915/4198/0814/09-23-2018.mp4","https://gwc-s3.s3.amazonaws.com/5815/4198/0813/09-23-2018.mp3"
"Just Lay Hands on People","Pastor Carlos Sarmiento","Psalms 2:1-3","2018-09-16T10:30:00","https://gwc-s3.s3.amazonaws.com/4415/4194/3802/09-16-18.mp4","https://gwc-s3.s3.amazonaws.com/1815/4194/3801/09-16-18.mp3"
"Just Make Yourself Available","Pastor Carlos Sarmiento","Revelation 12:13-17","2018-09-15T18:00:00","https://gwc-s3.s3.amazonaws.com/5715/4194/3795/09-15-18.mp4","https://gwc-s3.s3.amazonaws.com/5615/4194/3794/09-15-18.mp3"
"A Prophet, Priest and King","Pastor Walter Branch","Luke 24:49","2018-09-09T10:30:00","https://gwc-s3.s3.amazonaws.com/8515/4194/3789/09-09-18.mp4","https://gwc-s3.s3.amazonaws.com/4715/4194/3788/09-09-18.mp3"
"Two Types of Faith","Pastor Walter Branch","Hebrews 11:1-3","2018-09-02T10:30:00","https://gwc-s3.s3.amazonaws.com/9715/4189/4411/09-02-2018.mp4","https://gwc-s3.s3.amazonaws.com/3215/4189/4409/09-02-2018.mp3"
"Thinking Outside Your Box","Pastor Walter Branch","Luke 13:15-16","2018-08-26T10:30:00","https://gwc-s3.s3.amazonaws.com/5315/3955/8016/08-26-18.mp4","https://gwc-s3.s3.amazonaws.com/4315/3955/8015/08-26-18.mp3"
"May the Force be with You","Pastor Walter Branch","Matthew 11:12; Joshua 10:8-11","2018-08-19T10:30:00","https://gwc-s3.s3.amazonaws.com/3515/3955/8011/08-19-18.mp4","https://gwc-s3.s3.amazonaws.com/4615/3955/8010/08-19-18.mp3"
"The Arrows of the Lord","Pastor Walter Branch","Psalms 38:1-10","2018-08-12T10:30:00","https://gwc-s3.s3.amazonaws.com/9315/3947/1613/08-12-18.mp4","https://gwc-s3.s3.amazonaws.com/9715/3947/1612/08-12-18.mp3"
"A New Creature in Christ","Pastor Walter Branch","Romans 8:1-4; Romans 8:31","2018-08-05T10:30:00","https://gwc-s3.s3.amazonaws.com/8315/3947/1609/08-05-18.mp4","https://gwc-s3.s3.amazonaws.com/1715/3947/1607/08-05-18.mp3"
"God's Covenant","Pastor Walter Branch","Ephesians 1:13","2018-07-29T10:30:00","https://gwc-s3.s3.amazonaws.com/1515/3748/3188/07-29-18.mp4","https://gwc-s3.s3.amazonaws.com/4615/3748/3187/07-29-18.mp3"
"David's Faithfulness","Pastor Walter Branch","1 Samuel 16:6-13","2018-07-22T10:30:00","https://gwc-s3.s3.amazonaws.com/3415/3748/3182/07-22-18.mp4","https://gwc-s3.s3.amazonaws.com/7015/3748/3181/07-22-18.mp3"
"You Need Worship","Pastor Walter Branch","Matthew 9:17-","2018-07-15T10:30:00","https://gwc-s3.s3.amazonaws.com/7615/3744/4812/07-15-18.mp4","https://gwc-s3.s3.amazonaws.com/6215/3744/4810/07-15-18.mp3"
"Club Soteria","Pastor Walter Branch","Hebrews 1:13 - 2:6","2018-07-08T10:30:00","https://gwc-s3.s3.amazonaws.com/4115/3191/5214/7-8-18.mp4","https://gwc-s3.s3.amazonaws.com/1315/3191/5213/7-8-18.mp3"
"A Day of Recognition","Pastor Walter Branch","Isaiah 55:4-5; 2 Corinthians 10:4-6","2018-07-01T10:30:00","https://gwc-s3.s3.amazonaws.com/1315/3191/5220/7-1-18.mp4","https://gwc-s3.s3.amazonaws.com/4315/3191/5219/7-1-18.mp3"
"The End Times Church","Pastor Walter Branch","1 Corinthians 2:9-12; 2 Corinthians 4:7-10","2018-06-24T10:30:00","https://gwc-s3.s3.amazonaws.com/6115/3191/0832/6-24-18.mp4","https://gwc-s3.s3.amazonaws.com/6415/3191/0830/6-24-18.mp3"
"You Need Your Own Testimony","Pastor Walter Branch","Joshua 4:5-7","2018-06-10T10:30:00","https://gwc-s3.s3.amazonaws.com/1715/3143/6438/5-27-2018.mp4","https://gwc-s3.s3.amazonaws.com/3415/3143/6438/5-27-2018.mp3"
"Heaven or Hell Which One Will You Catch?","Pastor Walter Branch","Luke 16:19-31","2018-06-03T10:30:00","https://gwc-s3.s3.amazonaws.com/3815/3191/0836/06-03-18.mp4","https://gwc-s3.s3.amazonaws.com/3115/3191/0835/06-03-18.mp3"
"Move Beyond the Mist","Pastor Allen Wickey","Genesis 2:4-6","2018-05-27T10:30:00","https://gwc-s3.s3.amazonaws.com/1315/3147/9609/06-10-18.mp4","https://gwc-s3.s3.amazonaws.com/2115/3147/9608/06-10-18.mp3"
"Revelation is Greater than Information","Pastor Walter Branch","Galatians 1:11-12","2018-05-20T10:30:00","https://gwc-s3.s3.amazonaws.com/3115/3143/6435/5-20-2018.mp4","https://gwc-s3.s3.amazonaws.com/5915/3143/6434/5-20-2018.mp3"
"How Are You Going to Finish?","Pastor Walter Branch","2 Timothy 4:7","2018-05-13T10:30:00","https://gwc-s3.s3.amazonaws.com/1815/3143/6430/05-13-18.mp4","https://gwc-s3.s3.amazonaws.com/8915/3143/6429/05-13-18.mp3"
"You Have Never Passed this Way Before","Pastor Walter Branch","Joshua 1:1-4","2018-05-06T10:30:00","https://gwc-s3.s3.amazonaws.com/5215/3143/6426/05-06-18.mp4","https://gwc-s3.s3.amazonaws.com/9015/3143/6425/05-06-18.mp3"
"The Power of Agreement","Pastor Walter Branch","Hebrews 4:12","2018-04-29T10:30:00","https://gwc-s3.s3.amazonaws.com/5915/3143/6419/04-29-18.mp4","https://gwc-s3.s3.amazonaws.com/4815/3143/6418/04-29-18.mp3"
"A New Perspective","Pastor Walter Branch","1 Kings 7:1-9","2018-04-22T10:30:00","https://gwc-s3.s3.amazonaws.com/4115/3143/6414/04-22-18.mp4","https://gwc-s3.s3.amazonaws.com/3615/3143/6413/04-22-18.mp3"
"Beyond the Curtains of the Heavenlies","Dr. Tim Sheets","1 Chronicles 12:32","2018-04-15T10:30:00","https://gwc-s3.s3.amazonaws.com/5315/2435/1626/04-15-18.mp4","https://gwc-s3.s3.amazonaws.com/3515/2435/1625/04-15-18.mp3"
"Beyond the Curtains of the Heavenlies","Dr. Tim Sheets","Acts 2:1-4","2018-04-14T18:00:00","https://gwc-s3.s3.amazonaws.com/3915/2435/1618/04-14-18.mp4","https://gwc-s3.s3.amazonaws.com/6115/2435/1616/04-14-18.mp3"
"The Armor of God","Pastor Walter Branch","Ephesians 6:10-18","2018-04-08T10:30:00","https://gwc-s3.s3.amazonaws.com/7215/2361/7214/04-08-18.mp4","https://gwc-s3.s3.amazonaws.com/1715/2361/7212/04-08-18.mp3"
"The Last Supper","Pastor Walter Branch","John 19:38-42","2018-04-01T10:30:00","https://gwc-s3.s3.amazonaws.com/9715/2301/2413/04-01-18.mp4","https://gwc-s3.s3.amazonaws.com/9615/2301/2412/04-01-18.mp3"
"The Week That Changed the World","Pastor Walter Branch","Zechariah 9:9","2018-03-25T10:30:00","https://gwc-s3.s3.amazonaws.com/1715/2217/4972/03-25-18.mp4","https://gwc-s3.s3.amazonaws.com/5415/2217/4970/03-25-18.mp3"
"Restoring the Apostolic Values of the Early Church","Pastor Carlos Sarmiento","Mark 12:30","2018-03-18T10:30:00","https://gwc-s3.s3.amazonaws.com/6115/2145/7209/03-18-18.mp4","https://gwc-s3.s3.amazonaws.com/1115/2145/7208/03-18-18.mp3"
"The Shaking of the Lord","Pastor Carlos Sarmiento","Haggai 2:6-7","2018-03-17T18:00:00","https://gwc-s3.s3.amazonaws.com/1515/2141/4016/03-17-18.mp4","https://gwc-s3.s3.amazonaws.com/2215/2141/4014/03-17-18.mp3"
"Fight For Your Faith","Pastor Walter Branch","Galatians 3:16-19","2018-03-11T10:30:00","https://gwc-s3.s3.amazonaws.com/8515/2119/7118/03-11-18.mp4","https://gwc-s3.s3.amazonaws.com/6015/2119/7117/03-11-18.mp3"
"The Old Gospel Bridge","Pastor Walter Branch",NULL,"2018-03-04T10:30:00","https://gwc-s3.s3.amazonaws.com/9715/2019/3613/3-04-18.mp4","https://gwc-s3.s3.amazonaws.com/3615/2019/3620/3-04-2018.mp3"
"The Second Blessing","Pastor Walter Branch",,"2018-02-25T10:30:00","https://gwc-s3.s3.amazonaws.com/3815/2044/0660/2-25-18.mp4","https://gwc-s3.s3.amazonaws.com/2115/2044/0659/2-25-2018.mp3"
"The Gospel of Power","Pastor Walter Branch","2 Kings 6:1-7","2018-02-18T10:30:00","https://gwc-s3.s3.amazonaws.com/3915/2119/7114/02-18-18.mp4","https://gwc-s3.s3.amazonaws.com/9115/2119/7113/02-18-18.mp3"
"Overcoming Shame","Pastor Bill Baldwin","Hebrews 12:2","2018-02-11T10:30:00","https://gwc-s3.s3.amazonaws.com/2715/1984/8245/2-11-18.mp4","https://gwc-s3.s3.amazonaws.com/1115/1984/8245/2-11-18.mp3"
"Live Like There's No Yesterday","Pastor Bill Baldwin","Acts 7:57-59; Acts 8:1-3; Acts 9:1-2","2018-02-10T18:00:00","https://gwc-s3.s3.amazonaws.com/2015/1984/8243/2-10-18.mp4","https://gwc-s3.s3.amazonaws.com/6015/1984/8242/2-10-18.mp3"
"God's Investment","Pastor Walter Branch","Genesis 17:1-8","2018-02-04T10:30:00","https://gwc-s3.s3.amazonaws.com/7115/1984/8248/2-4-18.mp4","https://gwc-s3.s3.amazonaws.com/4515/1984/8247/2-4-18.mp3"
"Disobedience, Dilemma's, Delay's & Decisions","Pastor Walter Branch","Jonah 1:1-4; Jonah 2:7-8","2018-01-28T10:30:00","https://gwc-s3.s3.amazonaws.com/6515/1742/8146/01-28-18.mp4","https://gwc-s3.s3.amazonaws.com/1115/1742/8145/01-28-18.mp3"
"Eliminate Worry, Fear, Anxiety & Depression","Kenny Evans","Matthew 6:25-33","2018-01-21T10:30:00","https://gwc-s3.s3.amazonaws.com/1415/1663/7349/01-21-18.mp4","https://gwc-s3.s3.amazonaws.com/6815/1663/7348/01-21-18.mp3"
"Alone With God","Pastor Walter Branch","Genesis 32:22-24","2018-01-14T10:30:00","https://gwc-s3.s3.amazonaws.com/2215/1613/5931/01-14-18.mp4","https://gwc-s3.s3.amazonaws.com/8615/1613/5928/01-14-18.mp3"
"He Must Increase & I Must Decrease","Pastor Walter Branch","John 3:22-29","2018-01-07T10:30:00","https://gwc-s3.s3.amazonaws.com/3415/1543/6890/01-07-18.mp4","https://gwc-s3.s3.amazonaws.com/1615/1543/6888/01-07-18.mp3"
"Consider Your Ways","Pastor Walter Branch","Haggai 1:6-8","2017-12-31T10:30:00","https://gwc-s3.s3.amazonaws.com/5815/1543/6897/12-31-17.mp4","https://gwc-s3.s3.amazonaws.com/4615/1543/6896/12-31-17.mp3"
"Was Jesus God","Pastor Walter Branch","Luke 1:25-38","2017-12-24T10:30:00","https://gwc-s3.s3.amazonaws.com/2115/1543/6894/12-24-17.mp4","https://gwc-s3.s3.amazonaws.com/9115/1543/6893/12-24-17.mp3"
"Your Giant Has to Fall","Pastor Allen Wickey","1 Samuel 17:17-21; 17:40-47","2017-12-17T10:30:00","https://gwc-s3.s3.amazonaws.com/3515/1371/2935/12-17-17.mp4","https://gwc-s3.s3.amazonaws.com/6415/1371/2934/12-17-17.mp3"
"David's Anointing","Pastor Allen Wickey","1 Samuel 16","2017-12-10T10:30:00","https://gwc-s3.s3.amazonaws.com/2515/1371/2932/12-10-17.mp4","https://gwc-s3.s3.amazonaws.com/6115/1371/2931/12-10-17.mp3"
"Turn Around Anointng","Pastor Larry Queen","2 Kings 9:1-35","2017-12-03T10:30:00","https://gwc-s3.s3.amazonaws.com/7315/1241/9089/12-03-17.mp4","https://gwc-s3.s3.amazonaws.com/7615/1241/9087/12-03-17.mp3"
"Lost, but Not Lost","Pastor Walter Branch","Luke 15:1-20","2017-11-26T10:30:00","https://gwc-s3.s3.amazonaws.com/3215/1241/9083/11-26-17.mp4","https://gwc-s3.s3.amazonaws.com/5915/1241/9082/11-26-17.mp3"
"Rejoice is a Choice","Pastor Walter Branch","1 Peter 1:5-8","2017-11-19T10:30:00","https://gwc-s3.s3.amazonaws.com/3615/1241/9078/11-19-17.mp4","https://gwc-s3.s3.amazonaws.com/3015/1241/9077/11-19-17.mp3"
"The Spirit of Python","Pastor Walter Branch","Acts 16:16-19","2017-11-12T10:30:00","https://gwc-s3.s3.amazonaws.com/3315/1241/9073/11-12-17.mp4","https://gwc-s3.s3.amazonaws.com/6515/1241/9071/11-12-17.mp3"
"Faith Requires Action","Pastor Walter Branch","Mark 16:15-17","2017-11-05T10:30:00","https://gwc-s3.s3.amazonaws.com/6215/1197/9572/11-05-17.mp4","https://gwc-s3.s3.amazonaws.com/6215/1197/9570/11-05-17.mp3"
"Lion Chasers","Pastor Allen Wickey","2 Samuel 23:18-23","2017-10-29T10:30:00","https://gwc-s3.s3.amazonaws.com/6215/1197/9564/10-29-17.mp4","https://gwc-s3.s3.amazonaws.com/9415/1197/9563/10-29-17.mp3"
"All is Well","Pastor Walter Branch","Daniel 3:23-27","2017-10-22T10:30:00","https://gwc-s3.s3.amazonaws.com/6815/1197/9559/10-22-17.mp4","https://gwc-s3.s3.amazonaws.com/9115/1197/9558/10-22-17.mp3"
"Hidden in Plain Sight","Pastor Walter Branch","2 Kings 6:12-19","2017-10-15T10:30:00","https://gwc-s3.s3.amazonaws.com/6215/1179/9680/10-15-17.mp4","https://gwc-s3.s3.amazonaws.com/7415/1179/9679/10-15-17.mp3"
"Your Inheritance","Pastor Hank Yonce","Isaiah 49:8-13","2017-10-08T10:30:00","https://gwc-s3.s3.amazonaws.com/5615/1179/9672/10-08-17.mp4","https://gwc-s3.s3.amazonaws.com/7815/1179/9670/10-08-17.mp3"
"A City Without Walls","Pastor Walter Branch","Zechariah 2:3-5; Zechariah 1:17-21","2017-10-01T10:30:00","https://gwc-s3.s3.amazonaws.com/1515/1179/9665/10-01-17.mp4","https://gwc-s3.s3.amazonaws.com/6015/1179/9661/10-01-17.mp3"
"Launch Out Into the Deep","Pastor Walter Branch","Luke 5:1-10","2017-09-24T10:30:00","https://gwc-s3.s3.amazonaws.com/7515/1077/9838/09-24-17.mp4","https://gwc-s3.s3.amazonaws.com/7115/1077/9837/09-24-17.mp3"
"The Perfect Storm","Pastor Walter Branch","Acts 27:15-26","2017-09-17T10:30:00","https://gwc-s3.s3.amazonaws.com/5915/1077/9833/09-17-17.mp4","https://gwc-s3.s3.amazonaws.com/8515/1077/9832/09-17-17.mp3"
"Storms in Life","Pastor Walter Branch","Matthew 14:14-31","2017-09-03T10:30:00","https://gwc-s3.s3.amazonaws.com/7915/1077/9829/09-03-17.mp4","https://gwc-s3.s3.amazonaws.com/5615/1077/9828/09-03-17.mp3"
"Park Your Baggage at the Door","Pastor Walter Branch","1 Samuel 9:19-20","2017-08-27T10:30:00","https://gwc-s3.s3.amazonaws.com/9115/0418/9118/8-27-17.mp4","https://gwc-s3.s3.amazonaws.com/8615/0418/9209/8-27-17.mp3"
"Just Say So","Pastor Walter Branch","Psalms 107:1-7; Psalms 107:25-30","2017-08-20T10:30:00","https://gwc-s3.s3.amazonaws.com/2515/0418/8845/8-20-17.mp4","https://gwc-s3.s3.amazonaws.com/5615/0418/8861/8-20-17.mp3"
"Do You Feel Shortchanged","Pastor Walter Branch","2 Samuel 9:1-4","2017-08-13T10:30:00","https://gwc-s3.s3.amazonaws.com/7015/0418/5220/08-13-17.mp4","https://gwc-s3.s3.amazonaws.com/6215/0418/5304/08-13-17.mp3"
"First Hand Revelation Vs. Secondhand Experience","Pastor Walter Branch","John 4:4-24","2017-08-06T10:30:00","https://gwc-s3.s3.amazonaws.com/1615/0417/6986/08-06-17.mp4","https://gwc-s3.s3.amazonaws.com/2215/0417/6984/08-06-17.mp3"
"Acceleration","Pastor Walter Branch","John 2:1-11","2017-07-30T10:30:00","https://gwc-s3.s3.amazonaws.com/8715/0417/6809/07-30-17.mp4","https://gwc-s3.s3.amazonaws.com/2615/0417/6808/07-30-17.mp3"
"God Knows How to Turn it Around","Pastor Larry Queen","Mark 3:1-5","2017-07-23T10:30:00","https://gwc-s3.s3.amazonaws.com/4615/0417/6618/07-23-17.mp4","https://gwc-s3.s3.amazonaws.com/2215/0417/6617/07-23-17.mp3"
"The Toll Road of Life","Pastor Walter Branch","Isaiah 46:10","2017-07-16T10:30:00","https://gwc-s3.s3.amazonaws.com/5215/0411/5759/07-16-17.mp4","https://gwc-s3.s3.amazonaws.com/1215/0411/5773/07-16-17.mp3"
"A Distorted Perception","Pastor Walter Branch","Numbers 13:26-33","2017-07-09T10:30:00","https://gwc-s3.s3.amazonaws.com/5215/0411/4742/07-09-17.mp4","https://gwc-s3.s3.amazonaws.com/9615/0411/4936/07-09-17.mp3"
"If God Be for Me","Pastor Walter Branch","Romans 8:1; Romans 8:28-31","2017-07-02T10:30:00","https://gwc-s3.s3.amazonaws.com/4514/9910/8742/07-02-17.mp4","https://gwc-s3.s3.amazonaws.com/5614/9910/8731/07-02-17.mp3"
"4 of a Kind Beats a Full House","Pastor Walter Branch","Luke 5:15-26","2017-06-25T10:30:00","https://gwc-s3.s3.amazonaws.com/7114/9910/8592/06-25-17.mp4","https://gwc-s3.s3.amazonaws.com/3014/9910/8585/06-25-17.mp3"
"He Came to Himself","Pastor Walter Branch","Luke 15:11-24","2017-06-18T10:30:00","https://gwc-s3.s3.amazonaws.com/1014/9910/8408/06-18-17.mp4","https://gwc-s3.s3.amazonaws.com/7614/9910/8396/06-18-17.mp3"
"When the Worship Ends Trouble Begins","Pastor Walter Branch","Luke 12:13-15; John 12:1-6","2017-06-11T10:30:00","https://gwc-s3.s3.amazonaws.com/2114/9746/1312/06-11-17.mp4","https://gwc-s3.s3.amazonaws.com/7414/9746/1292/06-11-17.mp3"
"The Third Day Church","Pastor Walter Branch","Acts 1:1-5","2017-06-04T10:30:00","https://gwc-s3.s3.amazonaws.com/7214/9746/0913/06-04-17.mp4","https://gwc-s3.s3.amazonaws.com/7414/9746/0657/06-04-17.mp3"
"It's Not Just Another Day","Pastor Walter Branch","Exodus 3:1-4","2017-05-28T10:30:00","https://gwc-s3.s3.amazonaws.com/4214/9796/1626/05-28-17.mp4","https://gwc-s3.s3.amazonaws.com/6514/9796/1625/05-28-17.mp3"
"Work With the Wineskin","Pastor Walter Branch","Matthew 9:16-17","2017-05-21T10:30:00","https://gwc-s3.s3.amazonaws.com/6114/9745/7676/05-21-17.mp4","https://gwc-s3.s3.amazonaws.com/2114/9745/7662/05-21-17.mp3"
"The Unidentified Mother","Pastor Walter Branch","Matthew 15:21-28","2017-05-14T10:30:00","https://gwc-s3.s3.amazonaws.com/7414/9745/7452/05-14-17.mp4","https://gwc-s3.s3.amazonaws.com/8214/9745/7438/05-14-17.mp3"
"Awakening Conference","Pastor Hank Yonce","1 Corinthians 12:14-18","2017-05-07T10:30:00","https://gwc-s3.s3.amazonaws.com/7214/9796/1615/05-07-17.mp4","https://gwc-s3.s3.amazonaws.com/5814/9796/1613/05-07-17.mp3"
"The Spirit of jezebel","Pastor Walter Branch","Mark 9:14-27","2017-04-30T10:30:00","https://gwc-s3.s3.amazonaws.com/1414/9382/9722/04-30-17.mp4","https://gwc-s3.s3.amazonaws.com/5514/9382/9118/04-30-17.mp3"
"Are You Hungry?","Pastor Walter Branch","Ephesians 3:20; 1 Corinthians 2:9","2017-04-23T10:30:00","https://gwc-s3.s3.amazonaws.com/9214/9382/9788/04-23-17.mp4","https://gwc-s3.s3.amazonaws.com/2814/9382/9019/04-23-17.mp3"
"Friday, but Sunday is Coming","Pastor Walter Branch","Matthew 27:66","2017-04-16T10:30:00","https://gwc-s3.s3.amazonaws.com/7814/9381/7767/04-16-17.mp4","https://gwc-s3.s3.amazonaws.com/4514/9381/7826/04-16-17.mp3"
"The Crossroads of Life","Pastor Walter Branch","Mark 11:1-11","2017-04-09T10:30:00","https://gwc-s3.s3.amazonaws.com/9014/9381/7905/04-09-17.mp4","https://gwc-s3.s3.amazonaws.com/4714/9381/7706/04-09-17.mp3"
"This is My Last Night on This Boat","Pastor Walter Branch","Luke 22:31-34; John 21:1-12","2017-04-02T10:30:00","https://gwc-s3.s3.amazonaws.com/6014/9381/7710/04-02-17.mp4","https://gwc-s3.s3.amazonaws.com/3314/9381/7697/04-02-17.mp3"
"Carry Your Cross","Pastor Walter Branch","Isaiah 38:1-8; Isaiah 38:16-19; Matthew 10:34-39","2017-03-26T10:30:00","https://gwc-s3.s3.amazonaws.com/4914/9303/7608/3-26-17.mp4","https://gwc-s3.s3.amazonaws.com/1714/9303/7654/3-26-17.mp3"
"Realignment","Pastor Ken Malone","Ephesians 4:11-12; Galatians 6:1","2017-03-19T10:30:00","https://gwc-s3.s3.amazonaws.com/4114/9303/7347/3-19-17.mp4","https://gwc-s3.s3.amazonaws.com/4014/9303/7398/3-19-17.mp3"
"The Shadow of God","Pastor Ken Malone","Acts 2:16","2017-03-18T18:00:00","https://gwc-s3.s3.amazonaws.com/7714/9303/7111/3-18-17.mp4","https://gwc-s3.s3.amazonaws.com/6614/9277/8542/03-18-17.mp3"
"You Are Qualified","Pastor Walter Branch","2 Corinthians 3:18","2017-03-12T10:30:00","https://gwc-s3.s3.amazonaws.com/2814/9148/2704/03-12-17.mp4","https://gwc-s3.s3.amazonaws.com/8514/9148/2495/03-12-17_audio.mp3"
"You Are Qualified","Pastor Walter Branch","2 Corinthians 3:18","2017-03-12T10:30:00","https://gwc-s3.s3.amazonaws.com/2814/9148/2704/03-12-17.mp4","https://gwc-s3.s3.amazonaws.com/4114/9148/4886/03-12-17_audio.mp3"
"He Came","Pastor Allen Wickey","John 3:17; 1:11","2017-03-05T10:30:00","https://gwc-s3.s3.amazonaws.com/6414/9148/2493/03-05-17.mp4","https://gwc-s3.s3.amazonaws.com/6514/9148/2480/03-05-17_audio.mp3"
"He Came","Pastor Allen Wickey","John 3:17; 1:11","2017-03-05T10:30:00","https://gwc-s3.s3.amazonaws.com/6414/9148/2493/03-05-17.mp4","https://gwc-s3.s3.amazonaws.com/6714/9148/4849/03-05-17_audio.mp3"
"There is a Someday","Pastor Walter Branch","Exodus 13:17-18","2017-02-26T10:30:00","https://gwc-s3.s3.amazonaws.com/5214/9148/2483/02-26-17.mp4","https://gwc-s3.s3.amazonaws.com/6714/9148/2462/02-26-17_audio.mp3"
"There is a Someday","Pastor Walter Branch","Exodus 13:17-18","2017-02-26T10:30:00","https://gwc-s3.s3.amazonaws.com/5214/9148/2483/02-26-17.mp4","https://gwc-s3.s3.amazonaws.com/1514/9148/4790/02-26-17_audio.mp3"
"Anointed Before Your Appointed","Pastor Walter T. Branch","2 Corinthians 10:12-17","2017-02-19T10:30:00","https://gwc-s3.s3.amazonaws.com/4414/9148/2467/02-19-17.mp4","https://gwc-s3.s3.amazonaws.com/3414/9148/2449/02-19-17_audio.mp3"
"Anointed Before Your Appointed","Pastor Walter T. Branch","2 Corinthians 10:12-17","2017-02-19T10:30:00","https://gwc-s3.s3.amazonaws.com/4414/9148/2467/02-19-17.mp4","https://gwc-s3.s3.amazonaws.com/7214/9148/4699/02-19-17_audio.mp3"
"Power of a Paradigm Shift","Pastor Walter T. Branch","Hebrews 11:8-12","2017-02-12T10:30:00","https://gwc-s3.s3.amazonaws.com/4714/8735/3067/02-12-17.mp4","https://gwc-s3.s3.amazonaws.com/1614/8735/3075/02-12-17_audio.mp3"
"God is Ambidextrous","Pastor Walter T. Branch","Job 23:8-10","2017-02-05T10:30:00","https://gwc-s3.s3.amazonaws.com/4914/8735/3277/02-05-17.mp4","https://gwc-s3.s3.amazonaws.com/4314/8735/3037/02-05-17_audio.mp3"
"The Power of Perception","Pastor Walter T. Branch","Mark 6:1-6","2017-01-29T10:30:00","https://gwc-s3.s3.amazonaws.com/5414/8588/7777/01-29-17.mp4","https://gwc-s3.s3.amazonaws.com/1414/8588/7779/01-29-17_audio.mp3"
"I Lost Two Coats But Now I'm in the Palace","Pastor Walter T. Branch","Genesis 37:1-8","2017-01-22T10:30:00","https://gwc-s3.s3.amazonaws.com/3414/8588/5550/01-22-17.mp4","https://gwc-s3.s3.amazonaws.com/3114/8588/5582/01-22-17_audio.mp3"
"That Time Has Arrived","Pastor Robert Prudler","Galatians 6:6-9","2017-01-15T10:30:00","https://gwc-s3.s3.amazonaws.com/4014/8588/3479/01-15-17.mp4","https://gwc-s3.s3.amazonaws.com/7714/8588/3470/01-15-17_audio.mp3"
"We Are Chosen","Pastor Walter T. Branch","1 Peter 2:6-9","2017-01-08T10:30:00","https://gwc-s3.s3.amazonaws.com/3414/8518/7313/01-08-17.mp4","https://gwc-s3.s3.amazonaws.com/4214/8518/7253/01-08-17_audio.mp3"
"The Christmas Story Part 3","Pastor Eli Mares","Isaiah 9:6","2016-12-25T10:30:00","https://gwc-s3.s3.amazonaws.com/3014/8518/7519/12-25-16.mp4","https://gwc-s3.s3.amazonaws.com/7314/8518/7312/12-25-16_audio.mp3"
"The Christmas Story Part 2","Pastor Walter T. Branch","Galatians 4:1-5","2016-12-18T10:30:00","https://gwc-s3.s3.amazonaws.com/1014/8518/7516/12-18-16.mp4","https://gwc-s3.s3.amazonaws.com/7414/8518/7311/12-18-16_audio.mp3"
"The Christmas Story Part 1","Pastor Walter T. Branch","Luke 1:26-37","2016-12-11T10:30:00","https://gwc-s3.s3.amazonaws.com/9814/8518/7510/12-11-16.mp4","https://gwc-s3.s3.amazonaws.com/6214/8518/7310/12-11-16_audio.mp3"
"Dealing With Destiny","Pastor Bill Baldwin","Matthew 14:22","2016-12-04T10:30:00","https://gwc-s3.s3.amazonaws.com/1914/8518/7504/12-04-16.mp4","https://gwc-s3.s3.amazonaws.com/8514/8518/7309/12-04-16_audio.mp3"
"Forgiveness","Pastor Walter T. Branch","1 Timothy 2:5-8","2016-11-27T10:30:00","https://gwc-s3.s3.amazonaws.com/1314/8518/7498/11-27-16.mp4","https://gwc-s3.s3.amazonaws.com/5014/8518/7307/11-27-16_audio.mp3"
"3 Spirits Attacking the Church Part 3, The Spirit of Fear","Pastor Walter T. Branch","Isaiah 41:10-13","2016-11-20T10:30:00","https://gwc-s3.s3.amazonaws.com/7714/8518/7494/11-20-16.mp4","https://gwc-s3.s3.amazonaws.com/3414/8518/7305/11-20-16_audio.mp3"
"3 Spirits Attacking the Church Part 2, The Spirit of Discouragement","Pastor Walter T. Branch","1 Samuel 30:6","2016-11-13T10:30:00","https://gwc-s3.s3.amazonaws.com/7214/8518/7490/11-13-16.mp4","https://gwc-s3.s3.amazonaws.com/5714/8518/7304/11-13-16_audio.mp3"
"3 Spirits Attacking the Church Part 1, The Deaf & Dumb Spirit","Pastor Walter T. Branch","Mark 9:14-27","2016-11-06T10:30:00","https://gwc-s3.s3.amazonaws.com/2914/8518/7486/11-06-16.mp4","https://gwc-s3.s3.amazonaws.com/4514/8518/7303/11-06-16_audio.mp3"
"A Watchman On the Wall","Pastor Walter T. Branch","1 Corinthians 12:27-31","2016-10-30T10:30:00","https://gwc-s3.s3.amazonaws.com/3014/8518/7480/10-30-16.mp4","https://gwc-s3.s3.amazonaws.com/1014/8518/7302/10-30-16_audio.mp3"
"The Anointing","Pastor Walter T. Branch","John 7:14-17","2016-10-23T10:30:00","https://gwc-s3.s3.amazonaws.com/6114/8518/7476/10-23-161.mp4","https://gwc-s3.s3.amazonaws.com/8914/8518/7300/10-23-16_audio1.mp3"
"You Have What it Takes","Pastor Walter T. Branch","Mark 5:22-31","2016-10-16T10:30:00","https://gwc-s3.s3.amazonaws.com/4114/8518/7472/10-16-161.mp4","https://gwc-s3.s3.amazonaws.com/1614/8518/7300/10-16-16_audio1.mp3"
"Reckoning Day","Pastor Walter T. Branch","Romans 6:10-12","2016-10-09T10:30:00","https://gwc-s3.s3.amazonaws.com/4014/8518/7465/10-09-161.mp4","https://gwc-s3.s3.amazonaws.com/2114/8518/7298/10-09-16_audio1.mp3"
"Don't Say A Word","Pastor Walter T. Branch","Romans 8:30-31","2016-10-02T10:30:00","https://gwc-s3.s3.amazonaws.com/2714/8518/7459/10-02-16.mp4","https://gwc-s3.s3.amazonaws.com/6114/8518/7297/10-02-16_audio.mp3"
"The Inner Man","Pastor Walter T. Branch","Ephesians 4:11-13","2016-09-25T10:30:00","https://gwc-s3.s3.amazonaws.com/8614/8518/7454/09-25-16.mp4","https://gwc-s3.s3.amazonaws.com/5014/8518/7295/09-25-16_audio.mp3"
"A Glass Darkly","Pastor Walter T. Branch","Isaiah 6:1-13","2016-09-18T10:30:00","https://gwc-s3.s3.amazonaws.com/3714/8518/7448/09-18-16.mp4","https://gwc-s3.s3.amazonaws.com/4914/8518/7293/09-18-16_audio1.mp3"
"Perpetual Fire","Missionary David Hodges","Genesis 1:1-5","2016-09-11T10:30:00","https://gwc-s3.s3.amazonaws.com/8814/8518/7442/09-11-161.mp4","https://gwc-s3.s3.amazonaws.com/7114/8518/7291/09-11-16_audio1.mp3"
"Distractions","Pastor Walter T. Branch","Luke 12:11-15","2016-09-04T10:30:00","https://gwc-s3.s3.amazonaws.com/3414/8518/7438/09-04-161.mp4","https://gwc-s3.s3.amazonaws.com/2014/8518/7290/09-04-16_audio1.mp3"
"Because We're Chosen","Pastor Walter T. Branch","John 14:1-4","2016-08-28T10:30:00","https://gwc-s3.s3.amazonaws.com/3414/8518/7426/08-28-161.mp4","https://gwc-s3.s3.amazonaws.com/5014/8518/7286/08-28-16_audio1.mp3"
"Be Loosed","Pastor Walter T. Branch","John 11:20-23","2016-08-21T10:30:00","https://gwc-s3.s3.amazonaws.com/1114/8518/7422/08-21-161.mp4","https://gwc-s3.s3.amazonaws.com/7614/8518/7284/08-21-16_audio1.mp3"
"Turn On the Light","Pastor Allen Wickey","1 Kings 19:16","2016-08-14T10:30:00","https://gwc-s3.s3.amazonaws.com/6214/8518/7418/08-14-1611.mp4","https://gwc-s3.s3.amazonaws.com/8814/8518/7283/08-14-16_audio1.mp3"
"Know Who You Are","Pastor Walter T. Branch","Philippians 2:3-11","2016-08-07T10:30:00","https://gwc-s3.s3.amazonaws.com/4714/8518/7413/08-07-1611.mp4","https://gwc-s3.s3.amazonaws.com/9114/8518/7282/08-07-16_audio1.mp3"
"Quit Chasing Donkeys","Pastor Walter T. Branch","Psalms 78:41","2016-07-31T10:30:00","https://gwc-s3.s3.amazonaws.com/8714/8518/7410/07-31-2016-11.mp4","https://gwc-s3.s3.amazonaws.com/3214/8518/7280/07-31-2016_audio1.mp3"
"Who You Know & What You Know","Pastor Walter T. Branch","Matthew 16:13-18","2016-07-24T10:30:00","https://gwc-s3.s3.amazonaws.com/9114/8518/7410/07-24-20161.mp4","https://gwc-s3.s3.amazonaws.com/9714/8518/7279/07-24-2016_audio1.mp3"
"Immaturity Limits Authority","Pastor Walter T. Branch","Acts 15:36-41","2016-07-17T10:30:00","https://gwc-s3.s3.amazonaws.com/7614/8518/7410/07-17-20161.mp4","https://gwc-s3.s3.amazonaws.com/6414/8518/7278/07-17-2016_audio1.mp3"
"Storms of Life","Pastor Walter T. Branch","Matthew 7:21-27","2016-07-10T10:30:00","https://gwc-s3.s3.amazonaws.com/9214/8518/7405/07-10-20161.mp4","https://gwc-s3.s3.amazonaws.com/1414/8518/7277/07-10-2016_audio1.mp3"
"One Nation Under Blank","Pastor Walter T. Branch","Isaiah 55:4","2016-07-03T10:30:00","https://gwc-s3.s3.amazonaws.com/9314/8518/7399/07-03-161.mp4","https://gwc-s3.s3.amazonaws.com/8814/8518/7276/07-03-16_audio1.mp3"
"A Sacrifice of Praise","Pastor Walter T. Branch","1 Peter 2:9-10","2016-06-26T22:30:00","https://gwc-s3.s3.amazonaws.com/4514/8518/7392/06-26-161.mp4","https://gwc-s3.s3.amazonaws.com/4914/8518/7275/06-26-16_audio1.mp3"
"Moved With Fear","Pastor Walter T. Branch","Hebrews 11:7","2016-06-19T10:30:00","https://gwc-s3.s3.amazonaws.com/3314/8518/7388/06-19-20161.mp4","https://gwc-s3.s3.amazonaws.com/4314/8518/7274/06-19-2016_audio1.mp3"
"Attached to, Not A Part of","Pastor Walter T. Branch","Romans 12:1-2; Genesis 1:25-26","2016-06-12T10:30:00","https://gwc-s3.s3.amazonaws.com/3714/8518/7384/06-12-20161.mp4","https://gwc-s3.s3.amazonaws.com/3214/8518/7272/06-12-2016_audio1.mp3"
"I Can Do","Pastor Walter T. Branch","Philippians 4:13","2016-06-05T10:30:00","https://gwc-s3.s3.amazonaws.com/2414/8518/7380/06-05-20161.mp4","https://gwc-s3.s3.amazonaws.com/9714/8518/7271/06-05-2016_audio1.mp3"
"It's Just a Matter of Time","Pastor Walter T. Branch","Exodus 17:8-16","2016-05-29T10:30:00","https://gwc-s3.s3.amazonaws.com/3714/8518/7374/05.29.16am.mp4","https://gwc-s3.s3.amazonaws.com/4314/8518/7269/05.29.16am_audio.mp3"
"The End Times Church","Pastor Walter T. Branch","Haggai 2:9","2016-05-22T10:30:00","https://gwc-s3.s3.amazonaws.com/6714/8518/7370/05.22.16am.mp4","https://gwc-s3.s3.amazonaws.com/1514/8518/7268/05.22.16am_audio1.mp3"
"Lay Aside Every Weight","Pastor Walter T. Branch","Hebrews 12:1-4","2016-05-15T10:30:00","https://gwc-s3.s3.amazonaws.com/8314/8518/7361/05-15-161.mp4","https://gwc-s3.s3.amazonaws.com/7314/8518/7262/05-15-16_audio1.mp3"
"The Best is Yet to Come","Pastor Walter T. Branch","Hebrews 11:30-31","2016-05-08T10:30:00","https://gwc-s3.s3.amazonaws.com/2514/8518/7353/05-08-161.mp4","https://gwc-s3.s3.amazonaws.com/4414/8518/7260/05-08-16_audio1.mp3"
"The Empowerment of the Disciples","Pastor Walter T. Branch","Matthew 10:1-10","2016-05-01T10:30:00","https://gwc-s3.s3.amazonaws.com/2614/8518/7344/05-01-161.mp4","https://gwc-s3.s3.amazonaws.com/9314/8518/7258/05-01-16_audio1.mp3"
"You Are Unlimited","Pastor Roger Kelly","Ephesians 3:20","2016-04-24T10:30:00","https://gwc-s3.s3.amazonaws.com/4014/8518/7335/04-24-161.mp4","https://gwc-s3.s3.amazonaws.com/4414/8518/7256/04-24-16_audio1.mp3"
"What University Will You Attend","Pastor Walter T. Branch","Luke 16:19-31","2016-04-17T10:30:00","https://gwc-s3.s3.amazonaws.com/3714/8518/7329/04-17-161.mp4","https://gwc-s3.s3.amazonaws.com/9214/8518/7255/04-17-16_audio1.mp3"
"The Power of One","Pastor Walter T. Branch","Acts 8:5-13","2016-04-10T10:30:00","https://gwc-s3.s3.amazonaws.com/3214/8518/7324/04-10-161.mp4","https://gwc-s3.s3.amazonaws.com/4014/8518/7254/04-10-16_audio1.mp3"
"The Secret Places","Pastor Walter T. Branch","John 20:19-23","2016-04-03T10:30:00","https://gwc-s3.s3.amazonaws.com/9614/8518/7317/04-03-161.mp4","https://gwc-s3.s3.amazonaws.com/7014/8518/7252/04-03-16_audio1.mp3"
"It's Not Over","Pastor Walter T. Branch","Genesis 3:14-18","2014-08-17T10:30:00","https://gwc-s3.s3.amazonaws.com/4814/8518/7435/08.17.14am.mp4","https://gwc-s3.s3.amazonaws.com/7514/8518/7289/08.17.14_audio1.mp3"
"The Seat of Authority","Pastor Walter T. Branch","Matthew 28:18-20","2014-08-10T10:30:00","https://gwc-s3.s3.amazonaws.com/4514/8518/7431/08.10.14am.mp4","https://gwc-s3.s3.amazonaws.com/6214/8518/7287/08.10.14am_audio.mp3"
"I Long for the Day","Pastor Walter T. Branch","Genesis 1:1-2","2014-07-27T10:30:00","https://gwc-s3.s3.amazonaws.com/8114/8518/7411/07.27.14am.mp4","https://gwc-s3.s3.amazonaws.com/3014/8518/7281/07.27.14am_audio.mp3"
"The Power of Relationships","Pastor Walter Branch","Luke 5:1-10","2012-09-16T10:30:00","https://gwc-s3.s3.amazonaws.com/8215/5511/0008/09-16-2012.mp4","https://gwc-s3.s3.amazonaws.com/1915/5511/0007/09-16-2012.mp3"
"Stir Up the Gift in You","Pastor Walter Branch","2 Timothy 1:6-8","2012-08-12T18:44:00","https://gwc-s3.s3.amazonaws.com/3015/5515/5809/08-12-2012.mp4","https://gwc-s3.s3.amazonaws.com/4715/5515/5808/08-12-2012.mp3"
"Blow a Trumpet in Zion","Pastor Walter Branch","Romans 13:11-14","2012-08-05T22:30:00","https://gwc-s3.s3.amazonaws.com/9815/5515/5813/08-05-2012.mp4","https://gwc-s3.s3.amazonaws.com/1715/5515/5812/08-05-2012.mp3"
"God Sets Memorials","Pastor Walter T. Branch","Joshua 4:9","2012-05-27T10:30:00","https://gwc-s3.s3.amazonaws.com/5214/8518/7370/05-27-2012am1.mp4","https://gwc-s3.s3.amazonaws.com/1014/8518/7267/05-27-2012am_audio.mp3"
"Gifts You Have Not Noticed","Pastor Walter T. Branch","1 Corinthians 12:1-3","2012-05-20T22:30:00","https://gwc-s3.s3.amazonaws.com/8614/8518/7370/05-20-2012pm.mp4","https://gwc-s3.s3.amazonaws.com/2114/8518/7266/05-20-2012pm_audio.mp3"
"Ignorance is Not Bliss","Pastor Walter T. Branch","Romans 1:13-17","2012-05-20T10:30:00","https://gwc-s3.s3.amazonaws.com/8114/8518/7367/05-20-2012am.mp4","https://gwc-s3.s3.amazonaws.com/2714/8518/7263/05-20-2012am_audio.mp3"
"How to Deal With a Fool Without Becoming One","Pastor Walter T. Branch","1 Samuel 25:1-3","2012-05-13T10:30:00","https://gwc-s3.s3.amazonaws.com/5914/8518/7357/05-13-2012am.mp4","https://gwc-s3.s3.amazonaws.com/4414/8518/7261/05-13-2012am_audio.mp3"
"The Present Power of God","Pastor Walter T. Branch","Luke 5:17-26","2012-05-06T22:30:00","https://gwc-s3.s3.amazonaws.com/9214/8518/7350/05-06-2012pm.mp4","https://gwc-s3.s3.amazonaws.com/2114/8518/7259/05-06-2012pm_audio.mp3"
